yearID,teamID,name,W,payroll,Batting_WAR,Pitching_WAR,Total_WAR,Dollars_per_Win,Dollars_per_WAR,WAR_per_Million,Wins_per_100M
2000,ANA,Anaheim Angels,82,51464167,30.25,8.410000001,38.660000001,627611.7926829269,1331199.3533023486,0.7512022880113847,159.33416351614122
2000,ARI,Arizona Diamondbacks,85,81027833,13.965,20.973333334,34.938333334,953268.6235294117,2319167.094360174,0.4311892844771006,104.90222538717035
2000,ATL,Atlanta Braves,95,84537836,24.529999999999998,21.163333333,45.693333333,889871.9578947368,1850113.1310318802,0.5405074874757854,112.37571777919652
2000,BAL,Baltimore Orioles,74,81447435,17.065,8.560000002,25.625000002,1100641.0135135136,3178436.487556805,0.314620098251099,90.85614543907981
2000,BOS,Boston Red Sox,85,77940333,15.94,24.289999996,40.229999996,916945.094117647,1937368.4565684684,0.5161640763839179,109.05778398457703
2000,CHA,Chicago White Sox,95,31133500,27.205000000000002,17.893333333,45.098333333,327721.05263157893,690347.0194810624,1.4485468493102285,305.1375527968266
2000,CHN,Chicago Cubs,65,60539333,15.235,5.42,20.654999999999998,931374.3538461538,2930977.1483902205,0.34118314451862225,107.36821299303051
2000,CIN,Cincinnati Reds,85,46867200,22.694907978,17.064662576,39.759570553,551378.8235294118,1178765.2469114433,0.8483453364613206,181.36351222176705
2000,CLE,Cleveland Indians,90,75880771,29.045,19.723333333,48.768333333,843119.6777777778,1555943.4947647445,0.642696861013708,118.60712379951964
2000,COL,Colorado Rockies,82,61111190,17.865,18.786666668000002,36.651666668000004,745258.4146341464,1667350.9162232785,0.599753771248768,134.18164496551285
2000,DET,Detroit Tigers,79,58265167,22.2,14.986666667,37.186666667,737533.7594936709,1566829.5177342524,0.6382315297748996,135.58701376415863
2000,FLO,Florida Marlins,79,19872000,14.388819872,11.32993789,25.718757763,251544.30379746837,772665.6233991452,1.2942209019223028,397.54428341384863
2000,HOU,Houston Astros,72,51289111,20.35,7.116666668,27.466666668000002,712348.7638888889,1867322.0023365377,0.5355262770688305,140.3806745646264
2000,KCA,Kansas City Royals,77,23433000,20.445,8.293333333,28.738333333,304324.67532467534,815391.7531846592,1.226404358511501,328.5964238467119
2000,LAN,Los Angeles Dodgers,86,87924286,22.99,16.423333333,39.413333333,1022375.4186046511,2230825.9303300986,0.44826446851100954,97.81142834642979
2000,MIL,Milwaukee Brewers,73,36505333,12.269263805,11.528834354999999,23.798098162,500073.05479452055,1533960.0984708301,0.6519074394417933,199.97078235117044
2000,MIN,Minnesota Twins,69,16519500,4.89,16.363333333,21.253333333,239413.04347826086,777266.3111790663,1.2865603276733557,417.6881866884591
2000,MON,Montreal Expos,67,32994333,6.755000000000001,8.853333333999998,15.608333334000001,492452.7313432836,2113892.1301820013,0.47306103548145684,203.06517485896745
2000,NYA,New York Yankees,87,92338260,21.321614907,17.430931678,38.752546585,1061359.3103448276,2382766.247308803,0.4196802775469236,94.21879944456393
2000,NYN,New York Mets,94,79509776,22.490000000000002,18.516666668,41.006666668,845848.6808510638,1938947.55318033,0.5157437076416868,118.22445582037611
2000,OAK,Oakland Athletics,91,31971333,24.169192544,17.417515528,41.586708074,351333.3296703297,768787.2996128893,1.3007498959771242,284.62998399222204
2000,PHI,Philadelphia Phillies,65,47308000,10.57,10.680000001,21.250000001,727815.3846153846,2226258.8234246466,0.449184070368648,137.39748034159126
2000,PIT,Pittsburgh Pirates,69,28928334,9.815000000000001,10.666666666,20.481666666000002,419251.2173913043,1412401.3671222196,0.7080140413893176,238.5204761532413
2000,SDN,San Diego Padres,76,54821000,14.615,9.163333332,23.778333332000003,721328.947368421,2305502.208021616,0.4337449760493242,138.6330056000438
2000,SEA,Seattle Mariners,91,58915000,30.68,15.113333334,45.793333333999996,647417.5824175824,1286540.9812012443,0.7772779993889501,154.45981498769416
2000,SFN,San Francisco Giants,97,53737826,34.445,15.343333336,49.788333336,553998.206185567,1079325.6652586977,0.9265044204802777,180.50599962864146
2000,SLN,St. Louis Cardinals,95,61453863,30.53,14.893333332,45.423333332,646882.7684210526,1352913.98697741,0.7391452890764573,154.58751551550145
2000,TBA,Tampa Bay Devil Rays,69,62765129,9.372857140999999,13.949440992,23.322298133,909639.5507246377,2691206.871727198,0.37158050185796637,109.93365440227169
2000,TEX,Texas Rangers,71,70795921,12.97,9.689999999,22.659999999,997125.647887324,3124268.3584785643,0.3200749376365906,100.28826378288095
2000,TOR,Toronto Blue Jays,83,44838332,21.275000000000002,12.600000002,33.875000002,540220.8674698796,1323640.796969822,0.7554919750806074,185.10947285014976
2001,ANA,Anaheim Angels,75,47535167,19.055,17.073333332,36.128333332,633802.2266666667,1315730.9683559805,0.7600337941802118,157.77792470993106
2001,ARI,Arizona Diamondbacks,92,85082999,23.900000000000002,25.73333333,49.633333332999996,924815.2065217391,1714231.0073990212,0.5833519494652509,108.1297099083214
2001,ATL,Atlanta Braves,88,91936166,18.794999999999998,22.116666666,40.911666666,1044729.1590909091,2247187.0127061913,0.4450007918102654,95.7185880472762
2001,BAL,Baltimore Orioles,63,67599540,10.925,7.4799999989999995,18.404999999,1073008.5714285714,3672889.9757496812,0.2722651662866345,93.1959004454764
2001,BOS,Boston Red Sox,82,110035833,14.957329192000001,20.144347826,35.101677018,1341900.4024390243,3134774.242939278,0.319002238279961,74.52117893268459
2001,CHA,Chicago White Sox,83,65653667,22.155,14.400000001,36.555000000999996,791008.0361445784,1796024.264757324,0.5567853506339562,126.42096594543607
2001,CHN,Chicago Cubs,88,64715833,21.22,18.833333334,40.053333334,735407.1931818182,1615741.502969112,0.6189108828128659,135.97908876487767
2001,CIN,Cincinnati Reds,66,48986000,8.385,9.476666667,17.861666667,742212.1212121212,2742521.2279044036,0.3646279889560283,134.732372514596
2001,CLE,Cleveland Indians,91,93152001,24.835,15.73,40.565,1023648.3626373627,2296363.885122643,0.4354710533808071,97.68979627179453
2001,COL,Colorado Rockies,73,71541334,27.385,10.613333332,37.998333332,980018.2739726028,1882749.2609985613,0.5311381715638682,102.03891361600833
2001,DET,Detroit Tigers,66,53416167,14.515,4.970000000000001,19.485,809335.8636363636,2741399.3841416477,0.36477720312653655,123.55809805671754
2001,FLO,Florida Marlins,76,35762500,19.904999999999998,11.156666669,31.061666668999997,470559.2105263158,1151338.7346884224,0.8685541186717929,212.51310730513805
2001,HOU,Houston Astros,93,60612667,22.17,17.046666664,39.216666664,651749.1075268817,1545584.368995875,0.6470044729099282,153.43327492914972
2001,KCA,Kansas City Royals,65,35422500,14.095,9.339999999,23.434999999,544961.5384615385,1511521.2289955844,0.6615851506528336,183.49918836897453
2001,LAN,Los Angeles Dodgers,86,109105953,17.89,13.989999999,31.879999999000002,1268673.8720930233,3422395.0126544037,0.2921930391735821,78.82246351855795
2001,MIL,Milwaukee Brewers,68,43886833,14.34,7.720000000000001,22.06,645394.6029411765,1989430.326382593,0.5026564573479247,154.94396690688527
2001,MIN,Minnesota Twins,85,24130000,23.95,14.623333334,38.573333334,283882.35294117645,625561.7006459461,1.5985633375051802,352.25859925404063
2001,MON,Montreal Expos,68,35159500,0.6799999999999996,12.110000000000001,12.790000000000001,517051.4705882353,2748983.5809225957,0.36377081585346777,193.40434306517443
2001,NYA,New York Yankees,95,112287143,17.885403727,25.000993788,42.886397519,1181969.9263157896,2618246.0989000844,0.38193506730329757,84.60452146333441
2001,NYN,New York Mets,82,93174428,11.51,15.313333334000001,26.823333334,1136273.512195122,3473633.4533745833,0.28788299439842013,88.00697976917014
2001,OAK,Oakland Athletics,102,33810750,28.745,26.203333333,54.948333333,331477.9411764706,615318.9359738865,1.6251734532064508,301.67919966282915
2001,PHI,Philadelphia Phillies,86,41663833,22.375,12.256666669,34.631666669,484463.17441860464,1203055.9602635219,0.8312165294297335,206.4140378058831
2001,PIT,Pittsburgh Pirates,62,57760833,5.18,5.753333333,10.933333333,931626.3387096775,5283003.01845375,0.1892862821594003,107.33917220342026
2001,SDN,San Diego Padres,79,39182833,18.035,6.820000001,24.855000001,495985.2278481013,1576456.7691982917,0.6343339186576937,201.61890795389908
2001,SEA,Seattle Mariners,116,74720834,47.425,21.603333333,69.028333333,644145.1206896552,1082466.146756561,0.923816419567801,155.24451988852266
2001,SFN,San Francisco Giants,90,63280167,30.485,13.96,44.445,703112.9666666667,1423785.9601754977,0.7023527608579162,142.22465626552471
2001,SLN,St. Louis Cardinals,93,78538333,29.330000000000002,15.536666666,44.866666666,844498.2043010753,1750482.9049294277,0.5712709316863143,118.41351407343977
2001,TBA,Tampa Bay Devil Rays,62,56980000,8.790000000000001,4.763333332999999,13.553333333,919032.2580645161,4204131.824992724,0.23786123785538785,108.81010881010882
2001,TEX,Texas Rangers,73,88633500,24.39,4.573333332000001,28.963333332,1214157.5342465753,3060196.800693299,0.32677636934116333,82.36163527334473
2001,TOR,Toronto Blue Jays,80,76895999,17.03,19.169999998999998,36.199999999,961199.9875,2124198.8674619943,0.47076571563885916,104.0366222435058
2002,ANA,Anaheim Angels,99,61721667,32.26,20.809999999000002,53.069999999,623451.1818181818,1163023.6857200495,0.8598277165618355,160.39748245944168
2002,ARI,Arizona Diamondbacks,98,102819999,19.66,26.503333332,46.163333332,1049183.663265306,2227308.8093646416,0.4489723184299973,95.31219699778444
2002,ATL,Atlanta Braves,101,92870367,21.794534159,25.178757764,46.973291926,919508.5841584158,1977088.749630419,0.5057941886457712,108.7537427304449
2002,BAL,Baltimore Orioles,67,60493487,16.095,10.91,27.005,902887.8656716418,2240084.688020737,0.44641169387375534,110.755724827038
2002,BOS,Boston Red Sox,93,108366060,28.755,23.093333335,51.848333335,1165226.4516129033,2090058.6967729577,0.4784554623006502,85.82022821536559
2002,CHA,Chicago White Sox,81,57052833,25.09,11.826666667,36.916666667,704355.9629629629,1545449.2008889802,0.6470610612272313,141.973668511781
2002,CHN,Chicago Cubs,67,75690833,14.67,12.873333333000001,27.543333333,1129713.9253731344,2748063.645198452,0.36389259096937143,88.51798473402981
2002,CIN,Cincinnati Reds,78,45050390,14.99,10.000000001,24.990000001000002,577569.1025641026,1802736.6946057326,0.5547121789844661,173.1394556184752
2002,CLE,Cleveland Indians,74,78909449,11.9,11.520000001,23.420000001,1066343.9054054054,3369318.9153130096,0.2967958881705029,93.7783762753178
2002,COL,Colorado Rockies,73,56851043,12.549999999999999,5.54,18.09,778781.4109589041,3142677.8883360974,0.3181999668853921,128.40573566961646
2002,DET,Detroit Tigers,55,55048000,1.801118012,6.671180123,8.472298132999999,1000872.7272727273,6497410.635915355,0.15390746499418687,99.91280337160298
2002,FLO,Florida Marlins,79,41979917,18.67,8.523333333,27.193333332999998,531391.3544303797,1543757.6734682983,0.6477700595024997,188.18522199555565
2002,HOU,Houston Astros,84,63448417,14.73,20.716666667,35.446666667,755338.2976190476,1789968.5066598647,0.5586690471253207,132.3910098497808
2002,KCA,Kansas City Royals,62,47257000,7.205,9.57333333,16.77833333,762209.6774193548,2816549.1214495976,0.3550444025223776,131.1974945510718
2002,LAN,Los Angeles Dodgers,92,94850953,24.509999999999998,16.583333333,41.093333333000004,1030988.6195652174,2308183.476657269,0.433241122342756,96.99428112229931
2002,MIL,Milwaukee Brewers,56,50287833,9.014999999999999,3.7666666669999995,12.781666667,897997.0178571428,3934372.121425626,0.2541701621344471,111.35894441902079
2002,MIN,Minnesota Twins,94,40425000,25.482298136,19.104596272,44.58689441,430053.1914893617,906656.553117847,1.1029534795299938,232.52937538651824
2002,MON,Montreal Expos,83,38670500,14.715,15.720000001,30.435000001000002,465909.6385542169,1270593.0671506294,0.7870340440645972,214.63389405360675
2002,NYA,New York Yankees,103,125928583,28.339937887,26.624347826,54.964285712,1222607.6019417476,2291098.326281111,0.4364718827337237,81.79239180353518
2002,NYN,New York Mets,75,94633593,16.119503103,13.318881989000001,29.438385093,1261781.24,3214632.6199972983,0.31107753768791174,79.25304072518941
2002,OAK,Oakland Athletics,103,40004167,24.505,25.526666667,50.031666666999996,388389.9708737864,799576.9412652015,1.2506613790258398,257.47317773170977
2002,PHI,Philadelphia Phillies,80,57954999,26.513664598,9.756894410000001,36.270559006,724437.4875,1597852.379126908,0.6258400419608324,138.03813541606652
2002,PIT,Pittsburgh Pirates,72,42323599,10.600434781999999,9.60931677,20.209751551,587827.7638888889,2094216.6900565277,0.47750550587628426,170.11785788821976
2002,SDN,San Diego Padres,66,41425000,11.63,4.9566666679999996,16.586666668,627651.5151515151,2497487.9419214237,0.4004023335666868,159.32407966203982
2002,SEA,Seattle Mariners,93,80282668,30.125,19.036666666,49.161666666,863254.4946236559,1633033.894994515,0.6123571611496519,115.84069428285567
2002,SFN,San Francisco Giants,95,78299835,35.14,18.25,53.39,824208.7894736842,1466563.6823375165,0.6818660601264358,121.32848044954373
2002,SLN,St. Louis Cardinals,97,74660875,29.72,15.276666667,44.996666667,769699.7422680412,1659253.463207206,0.602680676686417,129.92079184713546
2002,TBA,Tampa Bay Devil Rays,55,34380000,12.512236024,1.147080746,13.65931677,625090.9090909091,2516963.3722463264,0.39730415270506103,159.97673065735893
2002,TEX,Texas Rangers,72,105526122,22.16,8.539999997999999,30.699999998,1465640.5833333333,3437332.9643933116,0.2909232275019071,68.22955173127654
2002,TOR,Toronto Blue Jays,78,76864333,19.155,12.133333335000001,31.288333335,985440.1666666666,2456645.1711257314,0.4070591926557146,101.4774954204052
2003,ANA,Anaheim Angels,77,79031667,20.05,13.670000001,33.720000001,1026385.2857142857,2343762.366478536,0.4266644154298302,97.42930008043484
2003,ARI,Arizona Diamondbacks,84,80657000,7.22,26.103333334,33.323333334,960202.380952381,2420436.1307908287,0.4131486831149187,104.14471155634352
2003,ATL,Atlanta Braves,101,106243667,35.980000000000004,13.380000001,49.360000001,1051917.495049505,2152424.3719174955,0.4645923977849899,95.06448982036736
2003,BAL,Baltimore Orioles,71,73877500,16.03601227,11.833619631,27.869631901,1040528.1690140845,2650824.390592298,0.3772411343237116,96.10503874657373
2003,BOS,Boston Red Sox,95,99946500,33.74,18.666666666,52.406666666,1052068.4210526317,1907133.3163962236,0.5243471924079383,95.05085220593017
2003,CHA,Chicago White Sox,86,51010000,22.720000000000002,22.073333335,44.793333335,593139.5348837209,1138785.53351917,0.8781284715742012,168.59439325622427
2003,CHN,Chicago Cubs,88,79868333,14.365,23.549999999,37.914999999,907594.6931818182,2106510.167535448,0.4747188100069648,110.18134058213033
2003,CIN,Cincinnati Reds,69,59355667,12.665,1.9166666660000002,14.581666665999999,860227.0579710145,4070568.0879675657,0.24566595580502867,116.24837776652396
2003,CLE,Cleveland Indians,68,48584834,16.02,12.959999999,28.979999999,714482.8529411765,1676495.3071662006,0.5964824331601092,139.9613714847724
2003,COL,Colorado Rockies,74,67179667,18.185,6.48,24.665,907833.3378378379,2723684.046219339,0.36714978060251474,110.15237690892396
2003,DET,Detroit Tigers,43,49168000,1.915,-0.8266666659999999,1.0883333339999999,1143441.8604651163,45177335.347517714,0.022134992962902698,87.45525545069964
2003,FLO,Florida Marlins,91,49450000,20.8,19.346666666,40.146666666,543406.5934065934,1231733.643328325,0.8118638355106168,184.02426693629928
2003,HOU,Houston Astros,87,71040000,26.41,17.453333332,43.863333332,816551.724137931,1619575.9556689588,0.6174455705518018,122.46621621621621
2003,KCA,Kansas City Royals,83,40518000,13.700000000000001,12.16333333,25.86333333,488168.6746987952,1566619.409919657,0.638317126462313,204.84722839231947
2003,LAN,Los Angeles Dodgers,85,105572620,10.68,27.013333333000002,37.693333333000005,1242030.8235294118,2800830.0318606365,0.35703701710727653,80.51329975518273
2003,MIL,Milwaukee Brewers,68,40627000,9.285,5.050000002,14.335000002,597455.8823529412,2834112.3121263883,0.3528441677209737,167.37637531690746
2003,MIN,Minnesota Twins,90,55505000,24.43,17.836666668,42.266666668,616722.2222222222,1313209.7791383846,0.7614929586163408,162.14755427438968
2003,MON,Montreal Expos,83,51948500,9.0,18.523333334,27.523333334,625885.5421686746,1887434.90367234,0.529819596985476,159.77362195251067
2003,NYA,New York Yankees,101,152749814,28.658098161,25.542331288,54.200429449,1512374.396039604,2818239.9208428827,0.354831394092565,66.12119344381001
2003,NYN,New York Mets,66,116876429,3.858819874,11.165590061000001,15.024409937,1770854.9848484849,7779102.772760027,0.1285495293238297,56.469897792650734
2003,OAK,Oakland Athletics,96,50260834,15.945,26.416666666,42.361666666,523550.3541666667,1186469.7013996376,0.8428365248774025,191.00359536413583
2003,PHI,Philadelphia Phillies,86,70780000,27.195,13.976666666,41.171666666,823023.2558139535,1719143.4239034797,0.5816850334275219,121.50324950551003
2003,PIT,Pittsburgh Pirates,75,54812429,19.05,8.736666668,27.786666668,730832.3866666667,1972616.2067191643,0.5069409835495522,136.83027986225534
2003,SDN,San Diego Padres,64,45210000,20.755,-0.049999999000000184,20.705000001000002,706406.25,2183530.5480713095,0.457973899601858,141.56160141561602
2003,SEA,Seattle Mariners,93,86959167,30.015,20.940000003,50.955000003,935044.8064516129,1706587.5182981107,0.5859646746961135,106.94674662649425
2003,SFN,San Francisco Giants,100,82852167,25.930062112,18.645093169,44.57515528,828521.67,1858707.3108228554,0.5380083212548925,120.69690343766145
2003,SLN,St. Louis Cardinals,85,83786666,32.015,7.160000002,39.175000002,985725.4823529412,2138778.966068218,0.4675564964239059,101.44812302234344
2003,TBA,Tampa Bay Devil Rays,63,19630000,18.98,5.22,24.2,311587.3015873016,811157.0247933884,1.2328069281711667,320.9373408048905
2003,TEX,Texas Rangers,71,103491667,22.495,3.3533333310000004,25.848333331,1457629.1126760563,4003804.2559549506,0.24976245991863286,68.60455731184618
2003,TOR,Toronto Blue Jays,86,51269000,21.279999999999998,14.986666669,36.266666668999996,596151.1627906977,1413667.279320812,0.7073800282626928,167.742690514736
2004,ANA,Anaheim Angels,92,100534667,23.85,18.810000000000002,42.66,1092768.1195652173,2356649.484294421,0.42433124088430113,91.51072236604713
2004,ARI,Arizona Diamondbacks,51,69780750,-0.5099999999999997,6.636666666999999,6.126666666999999,1368250.0,11389676.27794398,0.08779880793771921,73.08605883427735
2004,ATL,Atlanta Braves,96,90182500,27.985,17.6,45.585,939401.0416666666,1978337.1723154546,0.5054750090095085,106.45080808360824
2004,BAL,Baltimore Orioles,78,51623333,23.235,13.626666667,36.861666667,661837.6025641026,1400461.1746493606,0.7140504985797798,151.09446730221777
2004,BOS,Boston Red Sox,98,127298500,27.19,21.656666666,48.846666666000004,1298964.2857142857,2606083.663199209,0.38371753528910396,76.98441065684199
2004,CHA,Chicago White Sox,83,65212500,24.185,12.266666666,36.451666666,785692.7710843374,1789012.848096365,0.5589674781061913,127.27621238259538
2004,CHN,Chicago Cubs,89,90560000,22.49,24.193333332999998,46.683333333,1017528.0898876404,1939878.614794287,0.5154961719633392,98.2773851590106
2004,CIN,Cincinnati Reds,76,46615250,17.115,-0.5133333340000004,16.601666666,613358.552631579,2807865.6762496885,0.3561423925861172,163.0367744461308
2004,CLE,Cleveland Indians,80,34319300,29.105,7.5766666680000005,36.681666668,428991.25,935598.1643532884,1.0688349315982553,233.10498757259035
2004,COL,Colorado Rockies,68,65445167,14.834999999999999,7.620000001999999,22.455000002,962428.9264705882,2914503.094819461,0.34311166173661073,103.90377642401003
2004,DET,Detroit Tigers,72,46832000,24.085,9.026666666,33.111666666,650444.4444444445,1414365.5308081617,0.7070308051332421,153.74103177314657
2004,FLO,Florida Marlins,83,42143042,18.400000000000002,14.986666665000001,33.386666665,507747.4939759036,1262271.6254623737,0.7922225136239571,196.94828864038814
2004,HOU,Houston Astros,92,75397000,24.935,18.679999998,43.614999998,819532.6086956522,1728694.2566423796,0.5784712919346924,122.02077005716407
2004,KCA,Kansas City Royals,58,47609000,5.295,7.840000001,13.135000001,820844.8275862068,3624590.7876951206,0.27589321348904616,121.82570522380222
2004,LAN,Los Angeles Dodgers,93,92902001,28.035,15.776666664999999,43.811666665000004,998946.247311828,2120485.4339453145,0.47159012931271527,100.10548642542156
2004,MIL,Milwaukee Brewers,67,27528500,8.125155281,15.901490684,24.026645964,410873.1343283582,1145748.7674828586,0.872791687305883,243.38412917521842
2004,MIN,Minnesota Twins,92,53585000,17.580000000000002,25.803333335,43.383333335,582445.6521739131,1235151.7479356453,0.8096171192497901,171.68983857422785
2004,MON,Montreal Expos,67,40897500,6.659999999999999,10.856666665,17.516666665,610410.4477611941,2334776.4036474572,0.4283065386637325,163.8241946329238
2004,NYA,New York Yankees,101,184193950,23.775,17.449999999,41.224999999,1823702.4752475247,4468015.767239977,0.2238129971098399,54.8335056607451
2004,NYN,New York Mets,71,96660970,9.67,15.003333332,24.673333332,1361422.1126760563,3917629.154494333,0.255256421821548,73.45260450003761
2004,OAK,Oakland Athletics,91,59425667,21.43,20.476666667,41.906666666999996,653029.3076923077,1418048.051213665,0.7051947211126801,153.1324839820477
2004,PHI,Philadelphia Phillies,86,92919167,25.535,12.5,38.035,1080455.4302325582,2442991.11344814,0.4093342765330644,92.55356324922714
2004,PIT,Pittsburgh Pirates,72,32227929,8.346521738,14.771180124,23.117701864,447610.125,1394080.1377920217,0.7173188777969568,223.4087086390193
2004,SDN,San Diego Padres,87,55384833,26.169999999999998,14.336666668,40.506666668,636607.275862069,1367301.6704619057,0.7313674967296552,157.0827161291612
2004,SEA,Seattle Mariners,63,81515834,17.51,9.790000001,27.300000001,1293902.126984127,2985927.9852386108,0.3349042592264958,77.28559828020651
2004,SFN,San Francisco Giants,91,82019166,23.585,13.893333333,37.478333333,901309.5164835164,2188442.193286685,0.4569460427456675,110.94967729859628
2004,SLN,St. Louis Cardinals,105,83228333,32.505,18.323333334,50.828333334,792650.7904761905,1637439.7415924524,0.6107094964163226,126.15896079523785
2004,TBA,Tampa Bay Devil Rays,70,29556667,16.335838509,7.305093167,23.640931674,422238.1,1250232.749181626,0.7998510682547528,236.83319908838166
2004,TEX,Texas Rangers,89,55050417,16.744999999999997,19.489999999,36.234999999,618544.011235955,1519260.85280859,0.6582148142311075,161.66998335362294
2004,TOR,Toronto Blue Jays,67,50017000,14.670559006,11.95378882,26.624347825,746522.3880597015,1878618.7864115315,0.5323059724693604,133.95445548513504
2005,ARI,Arizona Diamondbacks,77,62329166,13.915,7.219999998,21.134999998,809469.6883116884,2949097.0430990392,0.33908684095019015,123.53767095166971
2005,ATL,Atlanta Braves,90,86457302,28.655,15.149999999,43.804999999,960636.6888888889,1973685.6980247388,0.5066662848095815,104.09762728890152
2005,BAL,Baltimore Orioles,74,73914333,21.24,9.629999999999999,30.87,998842.3378378379,2394374.2468415936,0.41764565473383897,100.11590038971197
2005,BOS,Boston Red Sox,95,123505125,29.075,14.346666667000001,43.421666667000004,1300053.9473684211,2844320.23181327,0.3515778528785749,76.9198849035617
2005,CHA,Chicago White Sox,99,75178000,19.09,26.73333333,45.82333333,759373.7373737374,1640605.223077079,0.6095311571204342,131.68746175742905
2005,CHN,Chicago Cubs,79,87032933,19.665,16.899999998,36.564999998,1101682.6962025317,2380225.160802966,0.4201283208277032,90.77023751457394
2005,CIN,Cincinnati Reds,73,61892583,22.163190183,2.6039263810000004,24.767116564000002,847843.6027397261,2498982.182284528,0.4001629171624652,117.94628122080476
2005,CLE,Cleveland Indians,93,41502500,33.605000000000004,20.186666667,53.791666667,446263.44086021505,771541.4407388285,1.2961066602493827,224.08288657309802
2005,COL,Colorado Rockies,67,47839000,10.825,8.580000001,19.405000001,714014.9253731343,2465292.450272337,0.40563138863688625,140.05309475532516
2005,DET,Detroit Tigers,71,69092000,22.19,8.19,30.38,973126.7605633803,2274259.3811718235,0.4397035836276269,102.76153534417878
2005,FLO,Florida Marlins,83,60408834,16.675,16.676666669,33.351666669,727817.2771084338,1811268.8220210997,0.5520991626655134,137.39712307640303
2005,HOU,Houston Astros,89,76779000,17.924355829,24.485521473,42.409877302,862685.3932584269,1810403.7286705188,0.5523629807890178,115.91711275218485
2005,KCA,Kansas City Royals,56,36881000,2.6449999999999996,2.903333332,5.548333332,658589.2857142857,6647221.389401555,0.15043879862259701,151.83970065887584
2005,LAA,Los Angeles Angels of Anaheim,95,94867822,21.6,23.449999998,45.049999998,998608.652631579,2105834.0067527564,0.4748712371408716,100.13932859131097
2005,LAN,Los Angeles Dodgers,71,83039000,13.295,7.970000001,21.265000001,1169563.38028169,3904961.203672468,0.25608449043220655,85.50199303941523
2005,MIL,Milwaukee Brewers,81,39934833,17.900000000000002,17.303333332,35.203333332,493022.6296296296,1134404.8764751218,0.8815194828033963,202.83044629233834
2005,MIN,Minnesota Twins,83,56186000,13.135,22.733333335,35.868333335,676939.7590361446,1566451.3730046721,0.6383856002384937,147.72363222154985
2005,NYA,New York Yankees,95,208306817,21.975,16.153333335,38.128333335,2192703.3368421053,5463307.697448822,0.1830392969568538,45.60580463384451
2005,NYN,New York Mets,83,101305821,17.93,20.513333333,38.443333333,1220552.060240964,2635198.673394912,0.3794780295300109,81.93013903909825
2005,OAK,Oakland Athletics,88,55425762,23.845,21.063333334,44.908333334,629838.2045454546,1234197.7064207208,0.8102429576701173,158.77093399275233
2005,PHI,Philadelphia Phillies,88,95522000,29.580000000000002,12.746666667,42.326666667,1085477.2727272727,2256780.595351577,0.4431090918008416,92.12537425933293
2005,PIT,Pittsburgh Pirates,67,38133000,14.805,7.409999999999999,22.215,569149.2537313433,1716542.8764348414,0.5825662811737864,175.700836545774
2005,SDN,San Diego Padres,82,63290833,18.315,12.313333332,30.628333332,771839.4268292683,2066414.5291208103,0.4839300081893376,129.56062689204927
2005,SEA,Seattle Mariners,69,87754334,14.504999999999999,10.7,25.205,1271801.9420289856,3481624.0428486415,0.2872222812379842,78.62859514152315
2005,SFN,San Francisco Giants,75,90199500,9.39,12.826666665,22.216666665,1202660.0,4059992.4984291065,0.24630587381304775,83.14901967305805
2005,SLN,St. Louis Cardinals,100,92106833,28.34,18.806666664,47.146666664,921068.33,1953623.437610499,0.5118693709075851,108.56957811153924
2005,TBA,Tampa Bay Devil Rays,67,29679067,21.509999999999998,-0.660000001,20.849999998999998,442971.14925373136,1423456.4509075999,0.7025153452094703,225.7483363611127
2005,TEX,Texas Rangers,79,55849000,21.33,11.166666667,32.496666667,706949.3670886076,1718607.036601512,0.5818665807266021,141.4528460670737
2005,TOR,Toronto Blue Jays,80,45719500,21.445,17.550000001,38.995000001,571493.75,1172445.1852500977,0.8529183390238302,174.98004133903476
2005,WAS,Washington Nationals,81,48581500,13.565,17.830000002,31.395000002,599771.6049382716,1547427.9342858782,0.6462336486522647,166.7301338987063
2006,ARI,Arizona Diamondbacks,76,59684226,12.0,17.903333335,29.903333335,785318.7631578947,1995905.4507860937,0.5010257372693414,127.3368276569424
2006,ATL,Atlanta Braves,79,90156876,22.654999999999998,10.900000003,33.555000003,1141226.2784810127,2686838.8017267017,0.3721845908125743,87.62504148879339
2006,BAL,Baltimore Orioles,70,72585582,18.8,5.350000002,24.150000002000002,1036936.8857142857,3005614.1612417707,0.3327107028224972,96.43788486809956
2006,BOS,Boston Red Sox,86,120099824,17.21,15.646666664,32.856666664,1396509.5813953488,3655265.009934484,0.2735779751350843,71.60709910782217
2006,CHA,Chicago White Sox,90,102750667,19.705000000000002,19.490000002,39.195000002,1141674.0777777778,2621524.862731393,0.381457377809528,87.59067228244855
2006,CHN,Chicago Cubs,66,94424499,12.09,10.386666666,22.476666666,1430674.2272727273,4201000.99374762,0.23803850593901485,69.89711430716726
2006,CIN,Cincinnati Reds,80,60909519,15.61,15.969999997999999,31.579999998,761368.9875,1928737.143884024,0.5184739678866943,131.3423604609322
2006,CLE,Cleveland Indians,78,56031500,23.59,14.753333333999999,38.343333334,718352.5641025641,1461310.092993805,0.6843174523973122,139.20741011752318
2006,COL,Colorado Rockies,76,41233000,14.785,17.313333333,32.098333333,542539.4736842106,1284583.8309495258,0.7784622349331847,184.31838575897947
2006,DET,Detroit Tigers,95,82612866,23.779999999999998,21.966666669,45.746666669,869609.1157894736,1805877.280584078,0.5537474837030832,114.99419472991048
2006,FLO,Florida Marlins,78,14671500,18.875,13.263333333,32.138333333,188096.15384615384,456510.91635592503,2.190528121391814,531.6429812902566
2006,HOU,Houston Astros,82,88694435,18.415,18.346666666,36.761666665999996,1081639.4512195121,2412688.080925107,0.41447545909729283,92.45224911799708
2006,KCA,Kansas City Royals,62,47294000,18.17,-2.3166666680000003,15.853333332,762806.4516129033,2983221.19453181,0.33520813067196686,131.09485346978474
2006,LAA,Los Angeles Angels of Anaheim,89,103472000,17.695,21.563333333,39.258333333,1162606.7415730336,2635669.709213633,0.3794102108106541,86.01360754600277
2006,LAN,Los Angeles Dodgers,88,98447187,20.28,18.180000001,38.460000001,1118718.0340909092,2559729.2511034915,0.39066631737278584,89.38802893372667
2006,MIL,Milwaukee Brewers,75,57568333,15.22,9.890000003,25.110000003,767577.7733333333,2292645.6787384334,0.4361772991238082,130.2799579067193
2006,MIN,Minnesota Twins,96,63396006,23.424999999999997,22.670000001000002,46.095000001,660375.0625,1375333.6804127272,0.727096277973726,151.42909791509578
2006,NYA,New York Yankees,97,194663079,26.43,19.03,45.46,2006835.8659793814,4282073.889133304,0.23353170120154115,49.82968547415199
2006,NYN,New York Mets,97,101084963,27.005,16.403333334,43.408333334,1042113.0206185566,2328699.4739515656,0.4294242392313088,95.95888163900302
2006,OAK,Oakland Athletics,93,62243079,18.095,18.490000002000002,36.585000002,669280.4193548387,1701327.839185386,0.587776192787635,149.41420234047226
2006,PHI,Philadelphia Phillies,85,88273333,23.709999999999997,14.816666666,38.526666666,1038509.8,2291226.8472450464,0.43644739987330033,96.29182122306405
2006,PIT,Pittsburgh Pirates,67,46717750,7.245,12.51,19.755,697279.8507462686,2364856.9982282966,0.42285854948065776,143.41444097800087
2006,SDN,San Diego Padres,88,69896141,27.015,17.133333334,44.148333334,794274.3295454546,1583211.3178816382,0.6316276221029141,125.9010851543292
2006,SEA,Seattle Mariners,78,87959833,21.64,11.746666664000001,33.386666664,1127690.1666666667,2634579.6627503657,0.379567190219654,88.6768395751729
2006,SFN,San Francisco Giants,76,90056419,15.752236024,11.182360248,26.934596273,1184952.8815789474,3343522.141086447,0.2990858016795005,84.39154126259452
2006,SLN,St. Louis Cardinals,83,88891371,23.691242236,9.039130436,32.730372672,1070980.373493976,2715867.976536799,0.36820641085623484,93.37239269264956
2006,TBA,Tampa Bay Devil Rays,61,34917967,9.639999999999999,7.866666665,17.506666665,572425.6885245901,1994552.5706392375,0.5013655767817182,174.695164813003
2006,TEX,Texas Rangers,80,68228662,19.29,14.803333333,34.093333333,852858.275,2001231.7755377518,0.4996922456576973,117.25277567366044
2006,TOR,Toronto Blue Jays,87,71365000,29.29,15.353333335,44.643333335,820287.356321839,1598558.948644868,0.6255634181321377,121.90849856372171
2006,WAS,Washington Nationals,71,63143000,18.13,3.3599999979999997,21.489999998000002,889338.0281690141,2938250.3492729873,0.3403385964873383,112.44318451768208
2007,ARI,Arizona Diamondbacks,90,52067546,10.44,19.133333334,29.573333334,578528.2888888889,1760624.8647033223,0.5679801643426791,172.85239446468248
2007,ATL,Atlanta Braves,84,87290833,27.765,13.823333334,41.588333334,1039176.5833333334,2098925.9727952722,0.4764341443963537,96.23003597640087
2007,BAL,Baltimore Orioles,69,93174808,16.34,8.9,25.24,1350359.536231884,3691553.4072900163,0.27088867196807104,74.05435168699248
2007,BOS,Boston Red Sox,96,143026214,29.405,25.963333332,55.368333332,1489856.3958333333,2583177.159088123,0.3871201773683249,67.12056294799218
2007,CHA,Chicago White Sox,72,108671833,2.53,16.083333331,18.613333331,1509331.013888889,5838386.444141632,0.17128020037170072,66.25451877672846
2007,CHN,Chicago Cubs,85,99670332,19.42,20.58,40.0,1172592.1411764706,2491758.3,0.4013230336184693,85.28114464392473
2007,CIN,Cincinnati Reds,72,68524980,13.735,11.833333331,25.568333331,951735.8333333334,2680072.2250017663,0.3731242727980366,105.07117258553012
2007,CLE,Cleveland Indians,96,61673267,22.405,22.433333333,44.838333333,642429.8645833334,1375458.5064964907,0.7270302922820677,155.65901511265812
2007,COL,Colorado Rockies,90,54041000,23.196809816,18.787361962,41.984171779,600455.5555555555,1287175.5642689774,0.7768947980052183,166.54021946300034
2007,DET,Detroit Tigers,88,94800369,31.195,10.963333334000001,42.158333334,1077276.9204545454,2248674.4969005943,0.44470642655409914,92.82664290051446
2007,FLO,Florida Marlins,71,30507000,19.545,5.129999998,24.674999998,429676.05633802817,1236352.583686837,0.8088307600878487,232.7334710066542
2007,HOU,Houston Astros,73,87759000,10.175,12.293333332,22.468333332,1202178.082191781,3905897.1888676444,0.2560231239189143,83.18235166763523
2007,KCA,Kansas City Royals,69,67116500,15.11,13.306666667,28.416666667,972702.8985507246,2361870.96771423,0.42339315469370425,102.80631439362898
2007,LAA,Los Angeles Angels of Anaheim,94,109251333,21.785,19.690000001999998,41.475000002,1162248.2234042552,2634149.077630662,0.3796292352972938,86.04014012350768
2007,LAN,Los Angeles Dodgers,82,108454524,15.275,18.546666667,33.821666667,1322616.1463414633,3206658.177665139,0.31185113741313364,75.60772660806663
2007,MIL,Milwaukee Brewers,83,70986500,22.96,14.119999999000001,37.079999999,855259.0361445784,1914414.7789081556,0.5223528417234262,116.9236404105006
2007,MIN,Minnesota Twins,79,71439500,17.055,16.013333334,33.068333334,904297.4683544304,2160359.8608505544,0.4628858451416934,110.58308078863934
2007,NYA,New York Yankees,94,189259045,36.245,14.586666666,50.831666666,2013394.0957446808,3723250.8279448277,0.2685824958379136,49.66737521052165
2007,NYN,New York Mets,88,115231663,27.72,13.340000002,41.060000001999995,1309450.7159090908,2806421.407559356,0.35632567415086247,76.3678989862361
2007,OAK,Oakland Athletics,76,79366940,21.46,14.033333334,35.493333334,1044301.8421052631,2236108.3771180296,0.4472055157222894,95.75775505519049
2007,PHI,Philadelphia Phillies,89,89428213,33.79,8.760000003,42.550000003,1004811.3820224719,2101720.6343994085,0.4758006290811156,99.52116565272304
2007,PIT,Pittsburgh Pirates,68,38537833,11.945,7.853333335,19.798333335,566732.8382352941,1946519.050261258,0.5137375870355761,176.4499835784747
2007,SDN,San Diego Padres,89,58110567,17.293251537,20.536564417999998,37.829815951,652927.7191011236,1536104.9357276584,0.6509971921457933,153.15630976376465
2007,SEA,Seattle Mariners,88,106460833,17.615,12.666666668,30.281666668,1209782.1931818181,3515686.0475088037,0.28443950525917827,82.65950727625811
2007,SFN,San Francisco Giants,71,90219056,8.895,18.163333332,27.058333332,1270690.9295774647,3334242.9074633443,0.299918160659983,78.69734305355622
2007,SLN,St. Louis Cardinals,78,90286823,18.135,6.366666666,24.501666666000002,1157523.3717948718,3684925.77385715,0.2713758868888321,86.39134417211689
2007,TBA,Tampa Bay Devil Rays,66,24123500,18.505,3.963333333000001,22.468333333,365507.57575757575,1073666.6419564374,0.9313877892096918,273.59214044396543
2007,TEX,Texas Rangers,75,68318675,17.06,8.82,25.88,910915.6666666666,2639825.1545595056,0.3788129673182333,109.77964663395478
2007,TOR,Toronto Blue Jays,83,81942800,20.88,18.833333332,39.713333332,987262.6506024096,2063357.3947310178,0.48464701391702497,101.29016826371566
2007,WAS,Washington Nationals,73,36947500,12.0,7.693333334,19.693333334000002,506130.1369863014,1876142.5185553099,0.5330085481832331,197.57764395425943
2008,ARI,Arizona Diamondbacks,82,66202712,8.280000000000001,21.750000003,30.030000003,807350.1463414634,2204552.513932279,0.4536067948847775,123.8619952608588
2008,ATL,Atlanta Braves,72,102365683,24.48,5.706666668,30.186666668,1421745.5972222222,3391089.321846683,0.2948904924319217,70.33607151334105
2008,BAL,Baltimore Orioles,68,67196246,20.360683231,3.276894411,23.637577642,988180.0882352941,2842772.0901740612,0.3517693182145919,101.19612931948609
2008,BOS,Boston Red Sox,95,133390035,31.9,22.449999999,54.349999999000005,1404105.6315789474,2454278.472906242,0.40745172605284946,71.21971292683146
2008,CHA,Chicago White Sox,89,121189332,17.183926381,23.521472393,40.705398773,1361677.8876404495,2977229.9413115,0.33588268951758893,73.43880730359996
2008,CHN,Chicago Cubs,97,118345833,25.492360249,25.185465837,50.677826088,1220060.1340206186,2335258.674957707,0.4282180859549149,81.96317313512847
2008,CIN,Cincinnati Reds,74,74117695,11.11,9.656666667,20.766666667,1001590.472972973,3569070.3851754563,0.28018500395890616,99.84120526144264
2008,CLE,Cleveland Indians,81,78970066,26.34,12.043333335,38.383333334999996,974939.086419753,2057405.1062936431,0.4860491484836798,102.57051070465104
2008,COL,Colorado Rockies,74,68655500,9.955,16.076666665,26.031666665,927777.027027027,2637383.955607746,0.3791636018235975,107.78451835614044
2008,DET,Detroit Tigers,74,137685196,18.735,7.870000001,26.605000001,1860610.7567567567,5175162.412885729,0.19323065059950237,53.745792684930336
2008,FLO,Florida Marlins,84,21811500,18.539440995,13.312173914,31.851614908000002,259660.7142857143,684784.7452319198,1.4603129041102172,385.11794236985077
2008,HOU,Houston Astros,86,88930414,19.98838509,11.202484473,31.190869566,1034074.5813953489,2851168.1539311656,0.35073343486290304,96.70482361636144
2008,KCA,Kansas City Royals,75,58245500,7.575,17.533333334,25.108333334,776606.6666666666,2319767.6733536073,0.43107765121769065,128.76531234172597
2008,LAA,Los Angeles Angels of Anaheim,100,119216333,18.345,20.18,38.525,1192163.33,3094518.7021414666,0.3231520298481249,83.88112390606746
2008,LAN,Los Angeles Dodgers,84,118588536,16.015,20.06,36.075,1411768.2857142857,3287277.505197505,0.30420309767547854,70.83315372069353
2008,MIL,Milwaukee Brewers,90,80937499,25.59,16.713333333,42.303333333,899305.5444444445,1913265.2824987257,0.522666673120206,111.19691257077267
2008,MIN,Minnesota Twins,88,56932766,20.741963189,14.364662577999999,35.106625767,646963.25,1621709.9979319698,0.6166330609512279,154.56828498372974
2008,NYA,New York Yankees,89,207896789,21.195,17.776666667,38.971666667,2335918.9775280897,5334562.434201475,0.18745679937846466,42.809704001729436
2008,NYN,New York Mets,89,137793376,27.04,14.283333333,41.323333333,1548240.1797752809,3334517.4477965194,0.29989346754230045,64.58946183305648
2008,OAK,Oakland Athletics,75,47967126,16.637701864,15.596273293,32.233975156999996,639561.68,1488092.1687868014,0.67200138605344,156.35708505862954
2008,PHI,Philadelphia Phillies,92,97879880,30.715,16.236666665,46.951666665,1063911.7391304348,2084694.4731136523,0.4796865981547995,93.99275928822145
2008,PIT,Pittsburgh Pirates,67,48689783,10.01,5.906666665,15.916666665,726713.1791044776,3059043.958435502,0.3268995194535987,137.60587103047882
2008,SDN,San Diego Padres,63,73677616,16.085,7.3600000009999995,23.445000001,1169485.9682539683,3142572.6592816133,0.3182106218121933,85.50765269060823
2008,SEA,Seattle Mariners,61,117666482,12.27,6.42,18.69,1928958.7213114754,6295691.920813269,0.1588387761945666,51.841441133593165
2008,SFN,San Francisco Giants,72,76594500,7.0,14.089999999,21.089999999,1063812.5,3631792.318806628,0.2753461410284028,94.00152752482228
2008,SLN,St. Louis Cardinals,86,99624449,32.795,9.790000000000001,42.585,1158423.8255813953,2339425.830691558,0.42745531270140324,86.32419136390907
2008,TBA,Tampa Bay Rays,97,43820597,28.605,22.069999998,50.674999998000004,451758.73195876286,864737.9773404928,1.1564196626075178,221.35709378856706
2008,TEX,Texas Rangers,79,67712326,27.595,1.296666669,28.891666669,857118.0506329114,2343662.8553053862,0.4266825314640646,116.67004320601835
2008,TOR,Toronto Blue Jays,86,97793900,20.294999999999998,24.916666667,45.211666667,1137138.3720930233,2163023.555850901,0.4623158158842219,87.94004534025129
2008,WAS,Washington Nationals,59,54961000,8.437080748,5.84273292,14.279813666,931542.3728813559,3848859.7460386497,0.2598172097669257,107.34884736449482
2009,ARI,Arizona Diamondbacks,70,73115666,16.655,11.380000000999999,28.035000001,1044509.5142857142,2608013.768410629,0.38343355856185457,95.73871624174222
2009,ATL,Atlanta Braves,86,96726166,20.35,21.190000002,41.540000002,1124722.8604651163,2328506.644086254,0.4294598010015201,88.91079172930311
2009,BAL,Baltimore Orioles,64,67101666,12.66,6.623333335,19.283333335000002,1048463.53125,3479775.2460259483,0.28737488179503623,95.37766171111161
2009,BOS,Boston Red Sox,95,121345999,25.55,21.450000001,47.000000001,1277326.305263158,2581829.7659025146,0.38732220582732185,78.28853096343127
2009,CHA,Chicago White Sox,79,96068500,8.955,21.76,30.715,1216056.9620253164,3127738.8897932605,0.319719783279639,82.23299000192571
2009,CHN,Chicago Cubs,83,134809000,12.643043475,22.056149067,34.699192543,1624204.8192771084,3885075.995152963,0.2573952224480562,61.56858963422324
2009,CIN,Cincinnati Reds,78,73558500,16.5,11.256666667000001,27.756666666999998,943057.6923076923,2650120.0912375394,0.377341390417151,106.03805134688716
2009,CLE,Cleveland Indians,65,81579166,18.95,5.906666665000001,24.856666665,1255064.0923076924,3281983.344728576,0.30469380705608096,79.67720581992711
2009,COL,Colorado Rockies,92,75201000,19.485,20.576666666,40.061666666,817402.1739130435,1877131.0896014832,0.532727844922275,122.33879868618769
2009,DET,Detroit Tigers,86,115085145,17.005030676,17.253496935,34.258527608,1338199.3604651163,3359313.8128074566,0.2976798405041763,74.72728126640497
2009,FLO,Florida Marlins,87,36834000,17.74,14.000000001,31.740000001000002,423379.3103448276,1160491.4933471803,0.8617038605907585,236.19482000325786
2009,HOU,Houston Astros,74,102996414,13.0,8.659999999,21.659999999,1391843.4324324324,4755143.767532555,0.2102985837837034,71.84716159147055
2009,KCA,Kansas City Royals,65,70519333,2.7800000000000002,13.406666667000001,16.186666667,1084912.8153846154,4356630.951310613,0.2295351640237437,92.17330515590669
2009,LAA,Los Angeles Angels of Anaheim,97,113709000,33.105,11.776666667,44.881666667,1172257.731958763,2533528.9093354116,0.39470637035766737,85.30547274182344
2009,LAN,Los Angeles Dodgers,95,100414592,28.47,20.23,48.7,1056995.7052631578,2061901.273100616,0.4849892732721555,94.60776377998927
2009,MIL,Milwaukee Brewers,80,80182502,24.74,3.263333333,28.003333333,1002281.275,2863319.91433,0.34924494290537356,99.77239173704008
2009,MIN,Minnesota Twins,87,65299266,21.87,14.944417178,36.814417179,750566.275862069,1773741.6752382696,0.5637799539584412,133.23273802189445
2009,NYA,New York Yankees,103,201449189,33.730000000000004,20.54,54.27,1955817.3689320388,3711980.6338676983,0.26939795721887966,51.129518322359694
2009,NYN,New York Mets,70,149373987,15.73,8.309999998,24.039999998,2133914.1,6213560.191864689,0.16093832989809664,46.86224248670553
2009,OAK,Oakland Athletics,75,61910000,13.98,16.279999999,30.259999999,825466.6666666666,2045935.2280914055,0.4887740267969634,121.14359554191569
2009,PHI,Philadelphia Phillies,93,113004046,30.305,13.293333334,43.598333334,1215097.2688172043,2591934.9974755617,0.3858121445846284,82.29793825258257
2009,PIT,Pittsburgh Pirates,62,48693000,12.894596273,8.428695653,21.323291927,785370.9677419355,2283559.2255970524,0.4379128812560327,127.3283634197934
2009,SDN,San Diego Padres,75,43333700,15.485,5.603333332,21.088333331999998,577782.6666666666,2054866.039804307,0.4866497283176834,173.07545859227343
2009,SEA,Seattle Mariners,85,98904166,18.96,18.15,37.11,1163578.4235294117,2665162.112638103,0.3752116973515554,85.94177923708492
2009,SFN,San Francisco Giants,88,83026450,12.665,23.866666667,36.531666666999996,943482.3863636364,2272725.489280782,0.4400003452755116,105.99031995225619
2009,SLN,St. Louis Cardinals,91,88528409,24.285,18.206666666,42.491666666,972839.6593406594,2083429.9039354136,0.47997775116460073,102.79186198861882
2009,TBA,Tampa Bay Rays,84,63313034,33.475,11.169999999,44.644999999,753726.5952380953,1418143.8907250117,0.7051470633835049,132.67410309226375
2009,TEX,Texas Rangers,87,68178798,19.015,18.56,37.575,783664.3448275862,1814472.3353293412,0.5511244126069809,127.6056524199796
2009,TOR,Toronto Blue Jays,75,80538300,24.67,13.923333333,38.593333333000004,1073844.0,2086844.8782353327,0.479192301464024,93.12339594950477
2009,WAS,Washington Nationals,59,59928000,14.09,1.293333334,15.383333334,1015728.813559322,3895644.6368842623,0.2566969252102523,98.45147510345748
2010,ARI,Arizona Diamondbacks,65,60718166,19.475,2.3366666659999997,21.811666666,934125.6307692308,2783747.1995960493,0.35922802190698583,107.05198177428483
2010,ATL,Atlanta Braves,91,84423666,24.02,17.283333333,41.303333333,927732.5934065934,2043991.5906871438,0.4892388034061444,107.78968068029646
2010,BAL,Baltimore Orioles,66,81612500,10.83,9.593333331,20.423333331,1236553.0303030303,3996042.109155742,0.25024761318425487,80.86996477255323
2010,BOS,Boston Red Sox,89,162447333,28.435,15.64,44.075,1825250.9325842697,3685702.393647192,0.2713187048752595,54.78698748473759
2010,CHA,Chicago White Sox,88,105530000,16.215,22.513333334,38.728333334,1199204.5454545454,2724878.426600252,0.36698884993840614,83.3886098739695
2010,CHN,Chicago Cubs,75,146609000,11.775,12.263333333,24.038333333,1954786.6666666667,6098966.927908188,0.16396219422409264,51.15647743317259
2010,CIN,Cincinnati Reds,91,71761542,33.575,12.746666667,46.321666667,788588.3736263736,1549200.3453995667,0.6454943048325243,126.80886929659343
2010,CLE,Cleveland Indians,69,61203966,14.525,8.896666667,23.421666667,887014.0,2613134.533514365,0.38268217237752206,112.7377921881729
2010,COL,Colorado Rockies,83,84227000,16.225,20.32,36.545,1014783.1325301204,2304747.5714872074,0.4338869958564356,98.54322248210194
2010,DET,Detroit Tigers,81,122864928,25.47,13.970000000999999,39.440000001,1516850.962962963,3115236.5110771996,0.32100291468855946,65.9260549926827
2010,FLO,Florida Marlins,80,57029719,14.795,15.539999998999999,30.334999999,712871.4875,1879997.3298790175,0.5319156490846466,140.27773834901762
2010,HOU,Houston Astros,76,92355500,4.620000000000001,12.870000001,17.490000001000002,1215203.9473684211,5280474.556587737,0.18937691854843514,82.29071360124735
2010,KCA,Kansas City Royals,67,71405210,10.14,8.423333335,18.563333335,1065749.4029850746,3846572.6338798194,0.259971693031923,93.83068826490393
2010,LAA,Los Angeles Angels of Anaheim,80,104963866,15.185,13.616666666,28.801666666,1312048.325,3644367.779726737,0.27439601611091574,76.21670489918883
2010,LAN,Los Angeles Dodgers,80,95358016,11.424999999999999,15.290000001,26.715000001,1191975.2,3569455.9609369473,0.28015473812919933,83.89436290285234
2010,MIL,Milwaukee Brewers,77,81108278,28.265,2.289999999,30.554999999,1053354.2597402597,2654500.9982868433,0.37671863775729525,94.93482280563273
2010,MIN,Minnesota Twins,94,97559166,27.19,18.506666664,45.696666664,1037863.4680851063,2134929.5938221565,0.4683995214145229,96.35178718112454
2010,NYA,New York Yankees,95,206333389,33.215,17.113333333,50.328333333,2171930.4105263157,4099746.1138795223,0.2439175432387242,46.04199080934981
2010,NYN,New York Mets,79,134422942,16.02,15.72,31.74,1701556.2278481012,4235127.347195967,0.23612040867250172,58.76972994684196
2010,OAK,Oakland Athletics,81,55254900,22.85,17.046666668,39.896666668,682159.2592592592,1384950.2881983474,0.7220475771017594,146.59333380387986
2010,PHI,Philadelphia Phillies,97,141928379,22.705,21.159999998,43.864999998,1463179.1649484537,3235572.3015267556,0.30906433446971165,68.34433020615279
2010,PIT,Pittsburgh Pirates,57,34943000,0.36499999999999966,1.8799999990000003,2.2449999990000005,613035.0877192982,15564810.69735626,0.0642474887388032,163.12279998855277
2010,SDN,San Diego Padres,90,37799300,23.355,16.979999999,40.334999999,419992.22222222225,937134.0027503938,1.0670832528380154,238.09964734796674
2010,SEA,Seattle Mariners,61,86510000,5.6499999999999995,14.459999999999999,20.11,1418196.7213114754,4301839.8806563895,0.23245867529765343,70.51207952837822
2010,SFN,San Francisco Giants,92,98641333,24.085,21.660000002,45.745000002,1072188.402173913,2156330.374810085,0.46375082950267915,93.26719053968989
2010,SLN,St. Louis Cardinals,86,93540751,25.39,14.166666667,39.556666667,1087683.1511627906,2364727.841894626,0.4228816451024645,91.93853917208769
2010,TBA,Tampa Bay Rays,96,71923471,33.425,16.340000001,49.765000001,749202.8229166666,1445262.1520858987,0.6919159950025214,133.47520449895973
2010,TEX,Texas Rangers,90,55250544,21.9,21.896666664999998,43.796666665,613894.9333333333,1261523.9516424967,0.7926920441724519,162.89432371923795
2010,TOR,Toronto Blue Jays,85,62234000,23.71,14.389999998999999,38.099999999,732164.7058823529,1633438.3202528462,0.612205546791143,136.5812899701128
2010,WAS,Washington Nationals,69,61400000,14.51,8.253333333,22.763333333,889855.0724637681,2697320.251906536,0.3707383278990228,112.37785016286645
2011,ARI,Arizona Diamondbacks,94,53639833,27.935000000000002,12.033333331,39.968333331000004,570636.5212765958,1342058.2878895325,0.7451241194393726,175.2429020425921
2011,ATL,Atlanta Braves,89,87002692,16.04,17.043333331,33.083333331,977558.3370786516,2629804.292376913,0.3802564331112881,102.2956852875311
2011,BAL,Baltimore Orioles,69,85304038,14.79,3.0900000019999996,17.880000002,1236290.4057971016,4770919.350696766,0.20960320778718586,80.8871439356716
2011,BOS,Boston Red Sox,90,161762475,36.15,14.626666667,50.776666667,1797360.8333333333,3185763.9663678478,0.31389645013158957,55.63713092297827
2011,CHA,Chicago White Sox,79,127789000,10.96,20.939999997,31.899999997000002,1617582.2784810127,4005924.7652670145,0.24963024984153567,61.82065749008131
2011,CHN,Chicago Cubs,71,125047329,14.39,8.21,22.6,1761229.985915493,5533067.654867256,0.18073156924447384,56.77850184229045
2011,CIN,Cincinnati Reds,79,75947134,28.025,7.216666666,35.241666666,961356.1265822785,2155038.0894235997,0.4640289213020204,104.01972508929698
2011,CLE,Cleveland Indians,80,48776566,13.655000000000001,14.276666664,27.931666664,609707.075,1746281.9740315084,0.5726452055685921,164.01318616812836
2011,COL,Colorado Rockies,73,88148071,13.719999999999999,13.666666669,27.386666669,1207507.8219178081,3218649.135558294,0.3106893475751727,82.81519853111703
2011,DET,Detroit Tigers,95,105700231,25.64,16.04,41.68,1112634.0105263158,2535994.0259117084,0.3943226954726333,89.87681398728448
2011,FLO,Florida Marlins,72,56944000,11.33,15.203333335,26.533333335000002,790888.8888888889,2146130.653131524,0.46595485626229277,126.44001123911212
2011,HOU,Houston Astros,56,70694000,14.595,0.720000001,15.315000001,1262392.857142857,4615997.387880118,0.21663790422100884,79.21464339265002
2011,KCA,Kansas City Royals,71,35712000,23.11,11.123333332,34.233333332,502985.91549295775,1043193.7682976901,0.9585946833557347,198.8127240143369
2011,LAA,Los Angeles Angels of Anaheim,86,138543166,25.35,17.053333334,42.403333334,1610967.046511628,3267270.639049331,0.30606586061415686,62.074516183642
2011,LAN,Los Angeles Dodgers,82,104188999,19.203540372,18.222484469999998,37.426024842,1270597.5487804879,2783864.955999219,0.3592128267015983,78.70312680516298
2011,MIL,Milwaukee Brewers,96,85497333,27.95,15.063333330999999,43.013333331,890597.21875,1987693.7307339883,0.5030956150526941,112.28420423359873
2011,MIN,Minnesota Twins,63,112737000,4.08,6.603333333,10.683333333,1789476.1904761905,10552605.304541422,0.0947633282152266,55.88227467468533
2011,NYA,New York Yankees,97,202275028,33.62,20.540000001,54.160000001,2085309.5670103093,3734767.8729000227,0.2677542578365136,47.95451072685058
2011,NYN,New York Mets,77,118847309,18.11,8.040000001,26.150000001,1543471.5454545454,4544830.171910332,0.22003022383115128,64.78901428050003
2011,OAK,Oakland Athletics,74,66536500,8.79,18.483333334,27.273333334,899141.8918918918,2439617.4528858564,0.409900330405116,111.21715148828088
2011,PHI,Philadelphia Phillies,102,172976379,18.32,33.516666666,51.836666666,1695846.8529411764,3336950.273337238,0.29967482823767516,58.967588863679474
2011,PIT,Pittsburgh Pirates,72,45047000,7.944999999999999,9.739999998,17.684999998,625652.7777777778,2547186.8818260888,0.3925899615512687,159.83306324505517
2011,SDN,San Diego Padres,71,45869140,15.085,14.226666666,29.311666666,646044.2253521127,1564876.5565830416,0.6390280407698945,154.78816476611507
2011,SEA,Seattle Mariners,67,86110600,7.575,14.970000000999999,22.545000001,1285232.8358208956,3819498.7800479266,0.2618144572329074,77.80691343458297
2011,SFN,San Francisco Giants,86,118198333,17.19,16.780000001,33.970000001,1374399.2209302327,3479491.6984551223,0.2873983002873653,72.75906336174809
2011,SLN,St. Louis Cardinals,90,105433572,28.57,9.823333335,38.393333335,1171484.1333333333,2746142.6982659255,0.3641471365022139,85.36180487179169
2011,TBA,Tampa Bay Rays,91,41053571,30.725,19.14,49.864999999999995,451138.14285714284,823294.3146495539,1.2146324615707607,221.66159431051688
2011,TEX,Texas Rangers,96,92299264,33.76,20.896666666,54.656666666,961450.6666666666,1688710.0811329964,0.5921679577639969,104.00949676045087
2011,TOR,Toronto Blue Jays,81,62567800,16.98,13.163333333,30.143333333,772441.975308642,2075676.2136688672,0.4817707084634589,129.4595622668529
2011,WAS,Washington Nationals,80,63856928,16.049068324,12.93652174,28.985590064,798211.6,2203057.721405854,0.45391457077296293,125.28006358213787
2012,ARI,Arizona Diamondbacks,81,73804833,21.665,14.049999997999999,35.714999998,911170.7777777778,2066493.9942358388,0.483911399108511,109.74891034574931
2012,ATL,Atlanta Braves,94,82829942,25.970000000000002,14.506666669000001,40.476666669000004,881169.5957446808,2046362.727379358,0.4886719185315861,113.4855315967745
2012,BAL,Baltimore Orioles,93,77353999,15.05,19.216666667,34.266666667,831763.4301075268,2257412.4221570287,0.442985070067289,120.22649275055579
2012,BOS,Boston Red Sox,69,173186617,21.465,4.206666663,25.671666663,2509950.9710144927,6746216.335443853,0.14823123811581815,39.841415690913344
2012,CHA,Chicago White Sox,85,96919500,20.805,19.656666667,40.461666667,1140229.4117647058,2395341.2694946215,0.41747704710610356,87.70164930689903
2012,CHN,Chicago Cubs,61,88197033,11.265,5.5700000020000004,16.835000002,1445853.0,5238908.998486616,0.19087943697607151,69.1633243490175
2012,CIN,Cincinnati Reds,97,82203616,21.7,21.96,43.66,847459.9587628866,1882813.0096197894,0.531120188192208,117.99967534274892
2012,CLE,Cleveland Indians,68,78430300,12.875,5.693333333,18.568333332999998,1153386.7647058824,4223873.979072326,0.23674948754499214,86.70118563871361
2012,COL,Colorado Rockies,64,78069571,9.445,10.069999999,19.514999999,1219837.046875,4000490.4434537785,0.24996935104203405,81.97816278508819
2012,DET,Detroit Tigers,88,132300000,18.59,23.403333331,41.993333331,1503409.0909090908,3150500.0795527343,0.31740992691609976,66.51549508692366
2012,HOU,Houston Astros,55,60651000,4.45,6.253333334,10.703333334,1102745.4545454546,5666552.475511271,0.176474144432903,90.68275873439845
2012,KCA,Kansas City Royals,72,60916225,15.025,14.503333334,29.528333334,846058.6805555555,2062975.3908209521,0.48473675665227123,118.19511140094448
2012,LAA,Los Angeles Angels of Anaheim,89,154485166,36.230000000000004,9.933333331,46.163333331,1735788.3820224719,3346490.707079395,0.2988204921306166,57.61070936739648
2012,LAN,Los Angeles Dodgers,86,95143575,13.845,22.303333333,36.148333333000004,1106320.6395348837,2632032.1361301304,0.37993457081048304,90.38970839596894
2012,MIA,Miami Marlins,69,118078000,7.534999999999999,13.343333332,20.878333332,1711275.3623188406,5655528.059752887,0.17681814844424873,58.435949118379376
2012,MIL,Milwaukee Brewers,83,97653944,25.875,9.486666668,35.361666668,1176553.5421686748,2761576.3961818703,0.3621120173907159,84.99400700088468
2012,MIN,Minnesota Twins,66,94085000,18.54,3.573333332,22.113333332,1425530.303030303,4254672.897452799,0.2350356946590849,70.14933304990168
2012,NYA,New York Yankees,95,196522289,31.565,18.859999999,50.424999999,2068655.6736842105,3897318.572214126,0.2565866714436651,48.340572707251546
2012,NYN,New York Mets,74,93353983,14.655,10.563333333,25.218333333,1261540.310810811,3701830.004675194,0.27013666179620854,79.26817648476766
2012,OAK,Oakland Athletics,94,55372500,21.8,22.913333333,44.713333333,589069.1489361703,1238388.996579979,0.8075007148494289,169.7593570815838
2012,PHI,Philadelphia Phillies,81,174538938,19.665,15.73,35.395,2154801.703703704,4931174.968215849,0.20279142525778404,46.407982613025865
2012,PIT,Pittsburgh Pirates,79,62951999,12.704999999999998,13.753333332,26.458333332,796860.7468354431,2379288.1513010035,0.42029377545262697,125.49244067690368
2012,SDN,San Diego Padres,76,55244700,21.535,6.073333333,27.608333333,726903.947368421,2001015.3939269667,0.49974628033096385,137.56975782292238
2012,SEA,Seattle Mariners,75,81978100,12.275,18.53,30.805,1093041.3333333333,2661194.6112644053,0.3757710900838151,91.48784858395108
2012,SFN,San Francisco Giants,94,117620683,29.51,10.473333334,39.983333334,1251283.8617021276,2941742.8011181033,0.3399345447943029,79.91791715747817
2012,SLN,St. Louis Cardinals,88,110300862,28.935,15.063333336,43.998333336,1253418.8863636365,2506932.732148525,0.39889383036734566,79.78178810606212
2012,TBA,Tampa Bay Rays,90,64173500,22.58,22.649999999,45.229999999,713038.8888888889,1418826.0004735535,0.7048080593858835,140.2448050986778
2012,TEX,Texas Rangers,93,120510974,23.535,21.22,44.755,1295816.9247311829,2692681.8009160985,0.37137696688104105,77.17139519592631
2012,TOR,Toronto Blue Jays,73,75009200,18.05,7.353333332,25.403333332,1027523.2876712328,2952730.6129354537,0.3386695676263711,97.32139524218363
2012,WAS,Washington Nationals,98,80855143,23.01,22.996666666,46.006666666,825052.4795918367,1757465.794837813,0.5690011167997069,121.20441120238945
2013,ARI,Arizona Diamondbacks,81,90132000,21.89,9.196666666,31.086666666,1112740.7407407407,2899378.0828415053,0.3449015517907069,89.86819331646917
2013,ATL,Atlanta Braves,96,87871525,25.41,20.723333333,46.133333333,915328.3854166666,1904729.5881640513,0.5250089074134083,109.25040847988015
2013,BAL,Baltimore Orioles,85,84393333,25.365000000000002,12.093333334,37.458333334,992862.7411764705,2252992.20463176,0.443854176656348,100.71885654759008
2013,BOS,Boston Red Sox,97,151530000,37.765,17.819999999,55.584999999,1562164.9484536082,2726095.169609177,0.3668250511383884,64.01372665478783
2013,CHA,Chicago White Sox,63,120065277,4.305000000000001,16.179999998,20.484999998,1905798.0476190476,5861131.413801429,0.17061552273768543,52.47145683926586
2013,CHN,Chicago Cubs,66,100567726,14.405,11.209999998,25.614999998000002,1523753.4242424243,3926126.3325337595,0.25470397926666855,65.62741609569655
2013,CIN,Cincinnati Reds,90,106404462,22.705,20.916666669,43.621666669,1182271.8,2439257.1427266663,0.40996087804099796,84.5829190884871
2013,CLE,Cleveland Indians,92,75771800,24.71,14.833333334,39.543333334,823606.5217391305,1916171.2888490907,0.5218740129441296,121.41720270601992
2013,COL,Colorado Rockies,74,74409071,14.225,16.410000002,30.635000001999998,1005527.9864864865,2428890.8436475345,0.4117105561229222,99.45024041490855
2013,DET,Detroit Tigers,93,145989500,26.73,25.506666665,52.236666665,1569779.569892473,2794770.595456409,0.35781112110802493,63.70321153233623
2013,HOU,Houston Astros,51,17890700,3.52,1.156666665,4.676666665,350798.03921568627,3825523.8787688967,0.26140210640165,285.0643071539962
2013,KCA,Kansas City Royals,86,80091725,20.575,20.486666667,41.061666667,931299.1279069767,1950522.993855173,0.5126830102235905,107.37688568950163
2013,LAA,Los Angeles Angels of Anaheim,78,124174750,22.849999999999998,8.940000003,31.790000003,1591983.9743589743,3906094.6834942345,0.2560101792272583,62.81470266700758
2013,LAN,Los Angeles Dodgers,92,223362196,27.39,20.193333335,47.583333335,2427849.9565217393,4694126.710868857,0.21303217011261832,41.18870679441207
2013,MIA,Miami Marlins,62,33601900,1.9100000000000001,16.46,18.37,541966.1290322581,1829172.563962983,0.546695276159979,184.51337573172944
2013,MIL,Milwaukee Brewers,74,76947033,20.105,5.796666667,25.901666667,1039824.7702702703,2970736.747918786,0.33661683442687124,96.17004985754292
2013,MIN,Minnesota Twins,66,75337500,11.895,8.576666668,20.471666668,1141477.2727272727,3680086.297895948,0.2717327581616061,87.60577401692385
2013,NYA,New York Yankees,85,231978886,13.575,15.083333333,28.658333332999998,2729163.3647058825,8094639.813993541,0.1235385419214402,36.64126570553494
2013,NYN,New York Mets,74,49448346,16.06,12.139999999,28.199999999,668220.8918918918,1753487.4468706911,0.5702920781010552,149.6511126984915
2013,OAK,Oakland Athletics,96,60132500,24.415,19.256666666999998,43.671666667,626380.2083333334,1376922.4897807357,0.726257292928117,159.64744522512785
2013,PHI,Philadelphia Phillies,73,169863189,8.06,9.67,17.73,2326893.0,9580552.115059221,0.10437811808655023,42.97576209993326
2013,PIT,Pittsburgh Pirates,94,77062000,23.775,17.523333333,41.298333333,819808.5106382979,1865983.292319028,0.535910479003919,121.97970465339597
2013,SDN,San Diego Padres,76,65585500,19.255,6.019999999,25.274999999,862967.1052631579,2594876.3601422305,0.38537481606452645,115.87927209520397
2013,SEA,Seattle Mariners,71,74005043,11.215,11.673333334,22.888333334,1042324.5492957747,3233308.5122483564,0.3092807247473662,95.93940780495188
2013,SFN,San Francisco Giants,76,140180334,25.095,4.666666667,29.761666667,1844478.0789473683,4710096.903122472,0.21230985700890115,54.21587881221627
2013,SLN,St. Louis Cardinals,97,92260110,23.445,19.470000001,42.915000001,951135.1546391753,2149833.6245566853,0.46515227437946916,105.13752910114675
2013,TBA,Tampa Bay Rays,92,52955272,27.450552149,13.837914108,41.288466256999996,575600.7826086957,1282568.1552417083,0.7796856610801658,173.7315219530928
2013,TEX,Texas Rangers,91,112522600,23.81797546,22.514355830000003,46.332331288999995,1236512.087912088,2428597.846677199,0.41176022673667334,80.87264247360085
2013,TOR,Toronto Blue Jays,74,126288100,20.21,8.910000001,29.120000001,1706595.945945946,4336816.6207301915,0.23058387924911375,58.59617810387519
2013,WAS,Washington Nationals,86,113703270,17.835,15.870000001000001,33.705000001,1322131.046511628,3373483.7560191816,0.29642946945149423,75.63546765189778
2014,ARI,Arizona Diamondbacks,64,97861500,13.42,4.79,18.21,1529085.9375,5374052.718286656,0.1860793059579099,65.3985479478651
2014,ATL,Atlanta Braves,79,97609000,12.725,19.490000001,32.215000001,1235556.9620253164,3029923.9483771557,0.3300412871866324,80.9351596676536
2014,BAL,Baltimore Orioles,96,103416000,28.75,17.800000001,46.550000001,1077250.0,2221611.1707363776,0.4501237719598515,92.82896263634254
2014,BOS,Boston Red Sox,71,139019929,18.345,9.373333333,27.718333333,1958027.1690140846,5015450.5081476215,0.19938388353658273,51.07181431519793
2014,CHA,Chicago White Sox,73,81830500,16.015,8.403333332999999,24.418333333,1120965.7534246575,3351191.0450256118,0.29840137030813696,89.20879134308113
2014,CHN,Chicago Cubs,73,65522500,12.38,15.880000001,28.260000001,897568.493150685,2318559.8017580127,0.4313022244419856,111.41211034377505
2014,CIN,Cincinnati Reds,76,108217500,15.32,14.920000002,30.240000002,1423914.4736842106,3578621.0315093505,0.2794372444567653,70.22893709427773
2014,CLE,Cleveland Indians,85,82151899,14.735000000000001,20.753333336,35.488333336,966492.9294117647,2314898.764678353,0.4319843335088334,103.46687177614726
2014,COL,Colorado Rockies,66,95403500,19.490000000000002,6.236666668,25.726666668,1445507.5757575757,3708350.608773861,0.2696616651171079,69.17985189222618
2014,DET,Detroit Tigers,90,152855500,25.62,16.733333331,42.353333331,1698394.4444444445,3609054.777469411,0.27708085957652817,58.87913748605709
2014,HOU,Houston Astros,70,35116300,15.475,6.6333333329999995,22.108333333,501661.4285714286,1588373.916345094,0.629574679934959,199.33762953386318
2014,KCA,Kansas City Royals,89,74594075,19.375,21.106666664000002,40.481666664,838135.6741573034,1842663.1398142476,0.5426927897959724,119.31242528310726
2014,LAA,Los Angeles Angels of Anaheim,98,121988250,30.945,15.323333332,46.268333332,1244778.0612244897,2636538.6694322694,0.37928516338253887,80.3356060932098
2014,LAN,Los Angeles Dodgers,94,217014600,32.71,17.079999999,49.789999999,2308665.9574468085,4358598.112158236,0.22943156819402935,43.315058065217734
2014,MIA,Miami Marlins,77,41836900,16.475,14.813333333,31.288333333,543336.3636363636,1337140.5742431912,0.7478645246899268,184.0480532735456
2014,MIL,Milwaukee Brewers,82,101217000,17.28,12.366666665,29.646666665,1234353.6585365853,3414110.6365760122,0.29290204871711273,81.01405890314868
2014,MIN,Minnesota Twins,70,83762500,16.439999999999998,9.839999999,26.279999999,1196607.142857143,3187309.74136938,0.3137442172690643,83.56961647515297
2014,NYA,New York Yankees,84,197543907,17.27,15.163333332999999,32.433333333,2351713.1785714286,6090767.9445641395,0.16418290913422098,42.522192294192095
2014,NYN,New York Mets,79,85556990,19.21,11.803333333000001,31.013333333000002,1082999.8734177216,2758716.358585111,0.36248742894063946,92.33611420878646
2014,OAK,Oakland Athletics,88,72408400,24.310000000000002,20.096666665,44.406666665,822822.7272727273,1630574.988801628,0.6132805954143442,121.5328608283017
2014,PHI,Philadelphia Phillies,73,180944967,11.065,14.696666664,25.761666664,2478698.178082192,7023806.703191957,0.14237293852997857,40.343758221249665
2014,PIT,Pittsburgh Pirates,88,77178000,29.565,10.170000002,39.735000002,877022.7272727273,1942317.8556968758,0.514848791132188,114.02213065899609
2014,SDN,San Diego Padres,77,75685700,11.73,12.816666667,24.546666667,982931.1688311688,3083339.2177745337,0.3243237053631003,101.73652354407768
2014,SEA,Seattle Mariners,87,92531100,17.654999999999998,18.236666666,35.891666666,1063575.8620689656,2578066.4035770246,0.3878876039083076,94.02244218430344
2014,SFN,San Francisco Giants,88,163510167,23.08,10.650000002,33.730000002,1858070.0795454546,4847618.351328336,0.2062868665653066,53.81928329875658
2014,SLN,St. Louis Cardinals,90,120693000,19.68,15.956666667,35.636666667,1341033.3333333333,3386764.568296822,0.2952670549824762,74.56936193482638
2014,TBA,Tampa Bay Rays,77,72689100,19.38,15.713333331,35.093333331,944014.2857142857,2071307.9408672035,0.4827867359893024,105.93060032384498
2014,TEX,Texas Rangers,67,112255059,11.89,7.690000001,19.580000001,1675448.6417910447,5733149.08040178,0.17442421014628837,59.68550602249472
2014,TOR,Toronto Blue Jays,83,109920100,24.975,13.899999999,38.874999998999996,1324338.5542168675,2827526.688175628,0.35366598100802304,75.5093927316296
2014,WAS,Washington Nationals,96,131983680,24.535,24.976666667,49.511666667,1374830.0,2665708.6881700223,0.37513476413902086,72.73626557465286
2015,ARI,Arizona Diamondbacks,79,61834000,25.134999999999998,11.793333332,36.928333332,782708.8607594937,1674432.4593284084,0.597217280654656,127.76142575282208
2015,ATL,Atlanta Braves,67,71781250,10.29,7.1900000010000005,17.480000001,1071361.9402985075,4106478.8327170205,0.2435176317074445,93.33913800609491
2015,BAL,Baltimore Orioles,81,115044833,19.19,14.943333333,34.133333333,1420306.5802469135,3370454.0918297893,0.29669592664800515,70.40733415641536
2015,BOS,Boston Red Sox,78,181103400,20.355,12.396666668,32.751666668,2321838.4615384615,5529593.404690669,0.18084512310646847,43.069318411471016
2015,CHA,Chicago White Sox,76,112373700,10.61,13.739999999,24.349999999,1478601.3157894737,4614936.345158724,0.21668771250746394,67.63148316732475
2015,CHN,Chicago Cubs,97,115879310,23.46,20.910000001,44.370000001,1194632.06185567,2611659.003772557,0.38289837936556576,83.70778182921524
2015,CIN,Cincinnati Reds,64,113072286,16.14,8.306666666,24.446666666,1766754.46875,4625263.9488580655,0.21620387745587807,56.60096055721381
2015,CLE,Cleveland Indians,81,87663766,17.664037265,21.039875776,38.703913042,1082268.7160493827,2264984.5741661997,0.4415041106265045,92.3984944931524
2015,COL,Colorado Rockies,68,95688600,10.225,9.093333336,19.318333336,1407185.294117647,4953253.385564214,0.20188751153219925,71.06384668602111
2015,DET,Detroit Tigers,74,172284750,19.973291929,7.036770186,27.010062115,2328172.2972972975,6378539.570418904,0.1567756990389457,42.95214753482244
2015,HOU,Houston Astros,86,72256200,28.015,18.080000001000002,46.095000001,840188.3720930233,1567549.6257388534,0.6379383361012618,119.02092830788223
2015,KCA,Kansas City Royals,95,112107025,23.6,18.123333332999998,41.723333333,1180073.9473684211,2686914.3964423337,0.37217411962363645,84.74045225979371
2015,LAA,Los Angeles Angels of Anaheim,85,120005415,19.605,11.57,31.175,1411828.4117647058,3849411.8684843625,0.2597799440966893,70.83013712339564
2015,LAN,Los Angeles Dodgers,92,215792000,27.490000000000002,19.316666669,46.806666669,2345565.217391304,4610283.435178237,0.2169064037082005,42.63364721583748
2015,MIA,Miami Marlins,71,68056500,17.405,10.266666666999999,27.671666667,958542.2535211268,2459429.0188223883,0.40659843904696835,104.32508283558515
2015,MIL,Milwaukee Brewers,68,100850000,12.465,8.283333333,20.748333332999998,1483088.2352941176,4860631.376092227,0.2057345893207734,67.42687159147249
2015,MIN,Minnesota Twins,83,107755000,12.309999999999999,16.210000001,28.520000001,1298253.0120481928,3778225.8063191366,0.2646744930722472,77.02658809335993
2015,NYA,New York Yankees,87,212751957,20.935,18.623333335,39.558333335,2445424.793103448,5378183.029055059,0.185936401680197,40.89269082493093
2015,NYN,New York Mets,90,96766683,21.835,18.993333331,40.828333331,1075185.3666666667,2370086.5331803127,0.421925522971579,93.00721819719706
2015,OAK,Oakland Athletics,68,79053501,15.395,10.823333332,26.218333332,1162551.4852941176,3015199.3263245923,0.33165303244444544,86.01769578807142
2015,PHI,Philadelphia Phillies,63,111693000,9.065000000000001,5.993333334000001,15.058333334,1772904.761904762,7417354.731270952,0.13481895314836204,56.404609062340526
2015,PIT,Pittsburgh Pirates,98,88892499,22.93,20.076666665,43.006666665,907066.3163265307,2066946.9617914646,0.48380535083168263,110.24552251590991
2015,SDN,San Diego Padres,74,118441300,16.14,6.476666666,22.616666666,1600558.1081081082,5236903.463676843,0.19095253653919705,62.4782065039813
2015,SEA,Seattle Mariners,76,122208700,16.634999999999998,9.913333333999999,26.548333334,1608009.2105263157,4603253.185897338,0.2172376707550281,62.188698513280976
2015,SFN,San Francisco Giants,84,164701500,27.59,12.7,40.29,1960732.142857143,4087900.2233804916,0.2446243658983069,51.00135700039162
2015,SLN,St. Louis Cardinals,100,119241500,22.085,26.94,49.025,1192415.0,2432259.0515043344,0.41114041671733415,83.86342003413242
2015,TBA,Tampa Bay Rays,80,64521233,20.86,16.246666666,37.106666666,806515.4125,1738804.3388742148,0.5751078356794578,123.99019095000865
2015,TEX,Texas Rangers,88,143742789,21.025,13.260000001,34.285000001,1633440.7840909092,4192585.357906006,0.23851631264090753,61.22046233567932
2015,TOR,Toronto Blue Jays,93,112992400,35.125,14.876666668999999,50.001666668999995,1214972.0430107526,2259772.6741387397,0.44252238795706605,82.3064206088197
2015,WAS,Washington Nationals,83,155587472,17.16,20.006666669,37.166666669,1874547.8554216868,4186210.0087057985,0.23887955881820616,53.34619743677049
2016,ARI,Arizona Diamondbacks,69,87439063,16.705000000000002,6.556666668,23.261666668,1267232.7971014492,3758933.7104673535,0.26603289044851725,78.91209904662405
2016,ATL,Atlanta Braves,68,68498291,11.888385095,8.388447205,20.276832300000002,1007327.8088235294,3378155.423221604,0.296019535728271,99.27254973412403
2016,BAL,Baltimore Orioles,89,161863456,21.77,16.313333334,38.083333333999995,1818690.5168539325,4250243.9211509805,0.23528061413689322,54.984616169322365
2016,BOS,Boston Red Sox,93,188545761,35.64,17.926666667,53.566666667,2027373.7741935484,3519833.7460888624,0.2841043276862639,49.324895721203724
2016,CHA,Chicago White Sox,78,112998667,18.16,16.419999999,34.579999999,1448700.858974359,3267746.298532902,0.3060213090743805,69.02736295110454
2016,CHN,Chicago Cubs,103,154067668,34.695,24.343333332,59.038333332,1495802.6019417476,2609620.8904408915,0.3831974229141964,66.85374117559824
2016,CIN,Cincinnati Reds,68,88940059,12.165,3.7533333330000005,15.918333333,1307942.044117647,5587272.055399168,0.17897821872369118,76.45598705977922
2016,CLE,Cleveland Indians,94,74311900,23.454782607,20.315403729,43.770186335,790552.1276595745,1697774.357898447,0.5890064220535338,126.49387244842347
2016,COL,Colorado Rockies,75,112645071,20.845,10.670000001,31.515000001,1501934.28,3574331.9370593578,0.2797725610293237,66.58080938135322
2016,DET,Detroit Tigers,86,194876481,20.149378883,18.034658386,38.184037268,2266005.593023256,5103611.219322677,0.1959396899618687,44.130517730356594
2016,HOU,Houston Astros,84,94893700,27.3,12.413333332,39.713333332,1129686.9047619049,2389467.0136776725,0.418503370950864,88.52010196672698
2016,KCA,Kansas City Royals,81,131487125,14.355,15.413333331,29.768333331,1623297.8395061728,4417013.325467993,0.226397324688634,61.602989646324694
2016,LAA,Los Angeles Angels of Anaheim,74,137251333,19.805,7.8200000009999995,27.625000001,1854747.7432432433,4968374.045069018,0.20127309073930819,53.91568765310279
2016,LAN,Los Angeles Dodgers,91,221288380,21.634999999999998,18.500000001,40.135000001,2431740.4395604394,5513601.096162611,0.18136966794641454,41.122809973121946
2016,MIA,Miami Marlins,79,77314202,20.350621117,13.75826087,34.108881985000004,978660.7848101265,2266688.249529853,0.4411722698114378,102.18045062406516
2016,MIL,Milwaukee Brewers,73,68775237,14.5,12.483333335,26.983333334999998,942126.5342465753,2548804.335852452,0.3923408266117643,106.14285487667604
2016,MIN,Minnesota Twins,59,102583200,14.83,4.950000001,19.780000001,1738698.3050847459,5186208.290941041,0.19281909709387113,57.51429083904576
2016,NYA,New York Yankees,84,222997792,14.675,17.996666665,32.671666665000004,2654735.619047619,6825418.313871622,0.1465111666441971,37.66853440414334
2016,NYN,New York Mets,87,133889129,19.16,20.853333335,40.013333335,1538955.5057471264,3346112.8539092755,0.29885423584315046,64.9791365809841
2016,OAK,Oakland Athletics,69,86806234,6.779999999999999,13.433333333,20.213333332999998,1258061.3623188406,4294503.661020688,0.2328557800698968,79.48737875208363
2016,PHI,Philadelphia Phillies,71,58980000,7.045,9.039999999,16.084999999,830704.2253521127,3666770.283100203,0.272719565937606,120.37978975924042
2016,PIT,Pittsburgh Pirates,78,103778833,19.51,9.520000000000001,29.03,1330497.858974359,3574882.294178436,0.27972948973130196,75.15983533944731
2016,SDN,San Diego Padres,68,101424814,11.255,6.883333333,18.138333333,1491541.3823529412,5591738.344309323,0.17883526345929507,67.04473719813772
2016,SEA,Seattle Mariners,86,135683339,23.985,14.000000002,37.985000002,1577713.2441860465,3572024.1935726195,0.27995331101042553,63.38287414934563
2016,SFN,San Francisco Giants,87,172253778,24.9,17.426666669,42.326666669,1979928.4827586208,4069627.7679281197,0.2457227188886388,50.50687480422055
2016,SLN,St. Louis Cardinals,86,143053500,23.915,15.969999999999999,39.885,1663412.7906976745,3586649.1162091014,0.2788117732177122,60.117368676753806
2016,TBA,Tampa Bay Rays,68,57097310,18.79,10.876666665,29.666666665,839666.3235294118,1924628.4270744172,0.5195808115128366,119.09492758940833
2016,TEX,Texas Rangers,95,176038723,17.385,15.973333333,33.358333333000004,1853039.1894736842,5277203.7872123625,0.1894942928721427,53.965399419535665
2016,TOR,Toronto Blue Jays,89,138701700,24.02,18.666666665,42.686666665,1558446.0674157303,3249297.985446248,0.3077587849680285,64.16648101645474
2016,WAS,Washington Nationals,95,141652646,21.175,25.136666667,46.311666667,1491080.4842105263,3058681.6712631183,0.3269382392405151,67.06546095863257
